Artificial Intelligence;12
Biomaterials;27
biophysics;19
Ceramics;23
Condensed Matter;6
Emergency Medicine;30
Immunology;17
Infectious Diseases;5
Information Systems;29
Literature;32
Mechanics;15
Microscopy;1
Mycology;7
Neuroimaging;16
Nursing;11
Oncology;22
Ophthalmology;25
Pathology;9
Pediatrics;28
Philosophy;18
Physiology;2
Psychiatry;10
Psychology;3
Rehabilitation;21
Religion;8
Respiratory System;0
Robotics;14
Sociology;26
Substance Abuse;13
Surgery;31
Thermodynamics;24
Toxicology;4
Transplantation;20
